name;kcal;protein;carbs;fat;fiber
Arroz integral cozido;1.24;0.026;0.01;0.258;0.027
Arroz integral cru;3.6;0.073;0.019;0.775;0.048
Arroz tipo 1 cozido;1.28;0.025;0.002;0.281;0.016
Arroz tipo 1 cru;3.58;0.072;0.003;0.7879999999999999;0.016
Arroz tipo 2 cozido;1.3;0.026;0.004;0.282;0.011
Arroz tipo 2 cru;3.58;0.072;0.003;0.789;0.017
Aveia flocos crua;3.94;0.139;0.085;0.6659999999999999;0.091
Biscoito doce maisena;4.43;0.081;0.12;0.752;0.021
Biscoito doce recheado com chocolate;4.72;0.064;0.196;0.705;0.03
Biscoito doce recheado com morango;4.71;0.057;0.196;0.71;0.015
Biscoito doce wafer recheado de chocolate;5.02;0.0559999999999999;0.247;0.675;0.018
Biscoito doce wafer recheado de morango;5.13;0.045;0.264;0.674;0.008
Biscoito salgado cream cracker;4.32;0.1009999999999999;0.144;0.687;0.025
Bolo mistura para;4.19;0.062;0.061;0.847;0.017
Bolo pronto aipim;3.24;0.044;0.127;0.479;0.0069999999999999
Bolo pronto chocolate;4.1;0.062;0.185;0.547;0.0139999999999999
Bolo pronto coco;3.33;0.057;0.113;0.523;0.011
Bolo pronto milho;3.11;0.048;0.124;0.451;0.0069999999999999
Canjica branca crua;3.58;0.072;0.01;0.7809999999999999;0.055
Canjica com leite integral;1.12;0.024;0.012;0.236;0.012
Cereais milho flocos com sal;3.7;0.073;0.016;0.8079999999999999;0.053
Cereais milho flocos sem sal;3.63;0.069;0.012;0.804;0.018
Cereais mingau milho infantil;3.94;0.064;0.011;0.873;0.032
Cereais mistura para vitamina trigo cevada e aveia;3.81;0.089;0.021;0.816;0.05
Cereal matinal milho;3.65;0.072;0.01;0.838;0.0409999999999999
Cereal matinal milho açúcar;3.77;0.047;0.0069999999999999;0.888;0.021
Creme de arroz pó;3.86;0.07;0.012;0.8390000000000001;0.011
Creme de milho pó;3.33;0.048;0.016;0.861;0.037
Curau milho verde;0.78;0.024;0.016;0.139;0.005
Curau milho verde mistura para;4.02;0.022;0.134;0.7979999999999999;0.025
Farinha de arroz enriquecida;3.63;0.013;0.003;0.855;0.006
Farinha de centeio integral;3.36;0.125;0.018;0.733;0.155
Farinha de milho amarela;3.51;0.072;0.015;0.7909999999999999;0.055
Farinha de rosca;3.71;0.114;0.015;0.758;0.048
Farinha de trigo;3.6;0.098;0.0139999999999999;0.7509999999999999;0.023
Farinha láctea de cereais;4.15;0.119;0.0579999999999999;0.778;0.019
Lasanha massa fresca cozida;1.64;0.0579999999999999;0.012;0.325;0.016
Lasanha massa fresca crua;2.2;0.07;0.013;0.451;0.016
Macarrão instantâneo;4.36;0.088;0.172;0.624;0.0559999999999999
Macarrão trigo cru;3.71;0.1;0.013;0.779;0.0289999999999999
Macarrão trigo cru com ovos;3.71;0.103;0.02;0.7659999999999999;0.023
Milho amido cru;3.61;0.006;1.0000000000000001e-07;0.871;0.0069999999999999
Milho fubá cru;3.53;0.072;0.019;0.789;0.047
Milho verde cru;1.38;0.066;0.006;0.286;0.039
Milho verde enlatado drenado;0.98;0.032;0.024;0.171;0.046
Mingau tradicional pó;3.73;0.006;0.004;0.893;0.009
Pamonha barra para cozimento pré-cozida;1.71;0.026;0.048;0.307;0.024
Pão aveia forma;3.43;0.124;0.057;0.596;0.06
Pão de soja;3.09;0.113;0.036;0.565;0.057
Pão glúten forma;2.53;0.12;0.027;0.441;0.025
Pão milho forma;2.92;0.083;0.031;0.564;0.043
Pão trigo forma integral;2.53;0.094;0.037;0.499;0.069
Pão trigo francês;3.0;0.08;0.031;0.586;0.023
Pão trigo sovado;3.11;0.084;0.0279999999999999;0.615;0.024
Pastel de carne cru;2.89;0.107;0.088;0.42;0.01
Pastel de carne frito;3.88;0.1009999999999999;0.201;0.4379999999999999;0.01
Pastel de queijo cru;3.08;0.099;0.096;0.4589999999999999;0.011
Pastel de queijo frito;4.22;0.087;0.2269999999999999;0.481;0.009
Pastel massa crua;3.1;0.069;0.055;0.574;0.0139999999999999
Pastel massa frita;5.7;0.06;0.409;0.493;0.013
Pipoca com óleo de soja sem sal;4.48;0.099;0.159;0.703;0.143
Polenta pré-cozida;1.03;0.023;0.003;0.233;0.024
Torrada pão francês;3.77;0.105;0.033;0.746;0.034
Abóbora cabotian cozida;0.48;0.0139999999999999;0.0069999999999999;0.108;0.025
Abóbora cabotian crua;0.39;0.017;0.005;0.084;0.022
Abóbora menina brasileira crua;0.14;0.006;1.0000000000000001e-07;0.033;0.012
Abóbora moranga crua;0.12;0.01;0.001;0.027;0.017
Abóbora moranga refogada;0.29;0.004;0.008;0.06;0.015
Abóbora pescoço crua;0.24;0.0069999999999999;0.001;0.061;0.023
Abobrinha italiana cozida;0.15;0.011;0.002;0.03;0.016
Abobrinha italiana crua;0.19;0.011;0.001;0.043;0.0139999999999999
Abobrinha italiana refogada;0.24;0.011;0.008;0.042;0.0139999999999999
Abobrinha paulista crua;0.31;0.006;0.001;0.079;0.026
Acelga crua;0.21;0.0139999999999999;0.001;0.046;0.011
Agrião cru;0.17;0.027;0.002;0.023;0.021
Aipo cru;0.19;0.008;0.001;0.043;0.01
Alface americana crua;0.09;0.006;0.001;0.017;0.01
Alface crespa crua;0.11;0.013;0.002;0.017;0.018
Alface lisa crua;0.14;0.017;0.001;0.024;0.023
Alface roxa crua;0.13;0.009;0.002;0.025;0.02
Alfavaca crua;0.29;0.027;0.005;0.052;0.0409999999999999
Alho cru;1.13;0.07;0.002;0.239;0.043
Alho-poró cru;0.32;0.0139999999999999;0.001;0.069;0.025
Almeirão cru;0.18;0.018;0.002;0.033;0.026
Almeirão refogado;0.65;0.017;0.048;0.057;0.034
Batata baroa cozida;0.8;0.009;0.002;0.1889999999999999;0.018
Batata baroa crua;1.01;0.01;0.002;0.24;0.021
Batata doce cozida;0.77;0.006;0.001;0.184;0.022
Batata doce crua;1.18;0.013;0.001;0.282;0.026
Batata frita tipo chips industrializada;5.43;0.0559999999999999;0.366;0.512;0.025
Batata inglesa cozida;0.52;0.012;1.0000000000000001e-07;0.119;0.013
Batata inglesa crua;0.64;0.018;1.0000000000000001e-07;0.147;0.012
Batata inglesa frita;2.67;0.05;0.131;0.356;0.081
Batata inglesa sauté;0.68;0.013;0.009;0.141;0.0139999999999999
Berinjela cozida;0.19;0.0069999999999999;0.001;0.045;0.025
Berinjela crua;0.2;0.012;0.001;0.044;0.0289999999999999
Beterraba cozida;0.32;0.013;0.001;0.072;0.019
Beterraba crua;0.49;0.019;0.001;0.111;0.034
Biscoito polvilho doce;4.38;0.013;0.122;0.805;0.012
Brócolis cozido;0.25;0.021;0.005;0.044;0.034
Brócolis cru;0.25;0.036;0.003;0.04;0.0289999999999999
Cará cozido;0.78;0.015;0.001;0.1889999999999999;0.026
Cará cru;0.96;0.023;0.001;0.23;0.073
Caruru cru;0.34;0.032;0.006;0.06;0.045
Catalonha crua;0.24;0.019;0.003;0.048;0.02
Catalonha refogada;0.63;0.02;0.048;0.048;0.037
Cebola crua;0.39;0.017;0.001;0.089;0.022
Cebolinha crua;0.2;0.019;0.004;0.034;0.036
Cenoura cozida;0.3;0.008;0.002;0.067;0.026
Cenoura crua;0.34;0.013;0.002;0.077;0.032
Chicória crua;0.14;0.011;0.001;0.0289999999999999;0.022
Chuchu cozido;0.19;0.004;1.0000000000000001e-07;0.048;0.01
Chuchu cru;0.17;0.0069999999999999;0.001;0.0409999999999999;0.013
Coentro folhas desidratadas;3.09;0.209;0.104;0.48;0.373
Couve manteiga crua;0.27;0.0289999999999999;0.005;0.043;0.031
Couve manteiga refogada;0.9;0.017;0.066;0.087;0.057
Couve-flor crua;0.23;0.019;0.002;0.045;0.024
Couve-flor cozida;0.19;0.012;0.003;0.039;0.021
Espinafre Nova Zelândia cru;0.16;0.02;0.002;0.026;0.021
Espinafre Nova Zelândia refogado;0.67;0.027;0.054;0.042;0.025
Farinha de mandioca crua;3.61;0.016;0.003;0.879;0.064
Farinha de mandioca torrada;3.65;0.012;0.003;0.892;0.065
Farinha de puba;3.6;0.016;0.005;0.873;0.042
Fécula de mandioca;3.31;0.005;0.003;0.8109999999999999;0.006
Feijão broto cru;0.39;0.042;0.001;0.078;0.02
Inhame cru;0.97;0.021;0.002;0.2319999999999999;0.017
Jiló cru;0.27;0.0139999999999999;0.002;0.062;0.048
Jurubeba crua;1.26;0.044;0.039;0.231;0.239
Mandioca cozida;1.25;0.006;0.003;0.301;0.016
Mandioca crua;1.51;0.011;0.003;0.362;0.019
Mandioca farofa temperada;4.06;0.021;0.091;0.8029999999999999;0.078
Mandioca frita;3.0;0.0139999999999999;0.1119999999999999;0.503;0.019
Manjericão cru;0.21;0.02;0.004;0.036;0.033
Maxixe cru;0.14;0.0139999999999999;0.001;0.027;0.022
Mostarda folha crua;0.18;0.021;0.002;0.032;0.019
Nhoque batata cozido;1.81;0.059;0.019;0.368;0.018
Nabo cru;0.18;0.012;0.001;0.0409999999999999;0.026
Palmito juçara em conserva;0.23;0.018;0.004;0.043;0.032
Palmito pupunha em conserva;0.29;0.025;0.005;0.055;0.026
Pão de queijo assado;3.63;0.051;0.246;0.342;0.006
Pão de queijo cru;2.95;0.036;0.14;0.385;0.01
Pepino cru;0.1;0.009;1.0000000000000001e-07;0.02;0.011
Pimentão amarelo cru;0.28;0.012;0.004;0.06;0.019
Pimentão verde cru;0.21;0.011;0.002;0.049;0.026
Pimentão vermelho cru;0.23;0.01;0.001;0.055;0.016
Polvilho doce;3.51;0.004;1.0000000000000001e-07;0.868;0.002
Quiabo cru;0.3;0.019;0.003;0.064;0.046
Rabanete cru;0.14;0.0139999999999999;0.001;0.027;0.022
Repolho branco cru;0.17;0.009;0.001;0.039;0.019
Repolho roxo cru;0.31;0.019;0.001;0.072;0.02
Repolho roxo refogado;0.42;0.018;0.012;0.076;0.018
Rúcula crua;0.13;0.018;0.001;0.022;0.017
Salsa crua;0.33;0.033;0.006;0.057;0.019
Seleta de legumes enlatada;0.57;0.034;0.004;0.127;0.031
Serralha crua;0.3;0.027;0.0069999999999999;0.049;0.035
Taioba crua;0.34;0.0289999999999999;0.009;0.054;0.045
Tomate com semente cru;0.15;0.011;0.002;0.031;0.012
Tomate extrato;0.61;0.024;0.002;0.15;0.0279999999999999
Tomate molho industrializado;0.38;0.0139999999999999;0.009;0.077;0.031
Tomate purê;0.28;0.0139999999999999;1.0000000000000001e-07;0.069;0.01
Tomate salada;0.21;0.008;1.0000000000000001e-07;0.051;0.023
Vagem crua;0.25;0.018;0.002;0.053;0.024
Abacate cru;0.96;0.012;0.084;0.06;0.063
Abacaxi cru;0.48;0.009;0.001;0.123;0.01
Abacaxi polpa congelada;0.31;0.005;0.001;0.078;0.003
Abiu cru;0.62;0.008;0.0069999999999999;0.149;0.017
Açaí polpa com xarope de guaraná e glucose;1.1;0.0069999999999999;0.037;0.215;0.017
Açaí polpa congelada;0.58;0.008;0.039;0.062;0.026
Acerola crua;0.33;0.009;0.002;0.08;0.015
Acerola polpa congelada;0.22;0.006;1.0000000000000001e-07;0.055;0.0069999999999999
Ameixa calda enlatada;1.83;0.004;1.0000000000000001e-07;0.469;0.005
Ameixa crua;0.53;0.008;1.0000000000000001e-07;0.139;0.024
Ameixa em calda enlatada drenada;1.77;0.01;0.003;0.477;0.045
Atemóia crua;0.97;0.01;0.003;0.253;0.021
Banana da terra crua;1.28;0.0139999999999999;0.002;0.337;0.015
Banana doce em barra;2.8;0.022;0.001;0.757;0.038
Banana figo crua;1.05;0.011;0.001;0.278;0.0279999999999999
Banana maçã crua;0.87;0.018;0.001;0.223;0.026
Banana nanica crua;0.92;0.0139999999999999;0.001;0.238;0.019
Banana ouro crua;1.12;0.015;0.002;0.293;0.02
Banana pacova crua;0.78;0.012;0.001;0.203;0.02
Banana prata crua;0.98;0.013;0.001;0.26;0.02
Cacau cru;0.74;0.01;0.001;0.1939999999999999;0.022
Cajá-Manga cru;0.46;0.013;1.0000000000000001e-07;0.114;0.026
Cajá polpa congelada;0.26;0.006;0.002;0.064;0.0139999999999999
Caju cru;0.43;0.01;0.003;0.103;0.017
Caju polpa congelada;0.37;0.005;0.002;0.094;0.008
Caju suco concentrado envasado;0.45;0.004;0.002;0.107;0.006
Caqui chocolate cru;0.71;0.004;0.001;0.193;0.065
Carambola crua;0.46;0.009;0.002;0.115;0.02
Ciriguela crua;0.76;0.0139999999999999;0.004;0.1889999999999999;0.039
Cupuaçu cru;0.49;0.012;0.01;0.104;0.031
Cupuaçu polpa congelada;0.49;0.008;0.006;0.114;0.016
Figo cru;0.41;0.01;0.002;0.102;0.018
Figo enlatado em calda;1.84;0.006;0.002;0.503;0.02
Fruta-pão crua;0.67;0.011;0.002;0.172;0.055
Goiaba branca com casca crua;0.52;0.009;0.005;0.124;0.063
Goiaba doce em pasta;2.69;0.006;0.0;0.741;0.037
Goiaba doce cascão;2.86;0.004;0.001;0.787;0.044
Goiaba vermelha com casca crua;0.54;0.011;0.004;0.13;0.062
Graviola crua;0.62;0.008;0.002;0.158;0.019
Graviola polpa congelada;0.38;0.006;0.001;0.098;0.012
Jabuticaba crua;0.58;0.006;0.001;0.153;0.023
Jaca crua;0.88;0.0139999999999999;0.003;0.225;0.024
Jambo cru;0.27;0.009;0.001;0.065;0.051
Jamelão cru;0.41;0.005;0.001;0.106;0.018
Kiwi cru;0.51;0.013;0.006;0.115;0.027
Laranja baía crua;0.45;0.01;0.001;0.115;0.011
Laranja baía suco;0.37;0.0069999999999999;1.0000000000000001e-07;0.087;1.0000000000000001e-07
Laranja da terra crua;0.51;0.011;0.002;0.129;0.04
Laranja da terra suco;0.41;0.0069999999999999;0.001;0.096;0.01
Laranja lima crua;0.46;0.011;0.001;0.115;0.018
Laranja lima suco;0.39;0.0069999999999999;0.001;0.092;0.004
Laranja pêra crua;0.37;0.01;0.001;0.089;0.008
Laranja pêra suco;0.33;0.0069999999999999;0.001;0.076;1.0000000000000001e-07
Laranja valência crua;0.46;0.008;0.002;0.1169999999999999;0.017
Laranja valência suco;0.36;0.005;0.001;0.086;0.004
Limão cravo suco;0.14;0.003;1.0000000000000001e-07;0.052;1.0000000000000001e-07
Limão galego suco;0.22;0.006;0.001;0.073;1.0000000000000001e-07
Limão tahiti cru;0.32;0.009;0.001;0.111;0.012
Maçã Argentina com casca crua;0.63;0.002;0.002;0.166;0.02
Maçã Fuji com casca crua;0.56;0.003;1.0000000000000001e-07;0.152;0.013
Macaúba crua;4.04;0.021;0.407;0.139;0.134
Mamão doce em calda drenado;1.96;0.002;0.001;0.54;0.013
Mamão Formosa cru;0.45;0.008;0.001;0.1159999999999999;0.018
Mamão Papaia cru;0.4;0.005;0.001;0.104;0.01
Mamão verde doce em calda drenado;2.09;0.003;0.001;0.5760000000000001;0.012
Manga Haden crua;0.64;0.004;0.003;0.1669999999999999;0.016
Manga Palmer crua;0.72;0.004;0.002;0.1939999999999999;0.016
Manga polpa congelada;0.48;0.004;0.002;0.125;0.011
Manga Tommy Atkins crua;0.51;0.009;0.002;0.128;0.021
Maracujá cru;0.68;0.02;0.021;0.123;0.011
Maracujá polpa congelada;0.39;0.008;0.002;0.096;0.005
Maracujá suco concentrado envasado;0.42;0.008;0.002;0.096;0.004
Melancia crua;0.33;0.009;1.0000000000000001e-07;0.081;0.001
Melão cru;0.29;0.0069999999999999;1.0000000000000001e-07;0.075;0.003
Mexerica Murcote crua;0.58;0.009;0.001;0.149;0.031
Mexerica Rio crua;0.37;0.0069999999999999;0.001;0.093;0.027
Morango cru;0.3;0.009;0.003;0.068;0.017
Nêspera crua;0.43;0.003;1.0000000000000001e-07;0.115;0.03
Pequi cru;2.05;0.023;0.18;0.13;0.19
Pêra Park crua;0.61;0.002;0.002;0.161;0.03
Pêra Williams crua;0.53;0.006;0.001;0.14;0.03
Pêssego Aurora cru;0.36;0.008;1.0000000000000001e-07;0.093;0.0139999999999999
Pêssego enlatado em calda;0.63;0.0069999999999999;1.0000000000000001e-07;0.1689999999999999;0.01
Pinha crua;0.88;0.015;0.003;0.2239999999999999;0.034
Pitanga crua;0.41;0.009;0.002;0.102;0.032
Pitanga polpa congelada;0.19;0.003;0.001;0.048;0.0069999999999999
Romã crua;0.56;0.004;1.0000000000000001e-07;0.151;0.004
Tamarindo cru;2.76;0.032;0.005;0.725;0.064
Tangerina Poncã crua;0.38;0.008;0.001;0.096;0.009
Tangerina Poncã suco;0.36;0.005;1.0000000000000001e-07;0.088;1.0000000000000001e-07
Tucumã cru;2.62;0.021;0.191;0.265;0.127
Umbu cru;0.37;0.008;1.0000000000000001e-07;0.094;0.02
Umbu polpa congelada;0.34;0.005;0.001;0.088;0.013
Uva Itália crua;0.53;0.0069999999999999;0.002;0.136;0.009
Uva Rubi crua;0.49;0.006;0.002;0.127;0.009
Uva suco concentrado envasado;0.58;1.0000000000000001e-07;1.0000000000000001e-07;0.147;0.002
Azeite de dendê;8.84;;1.0;;
Azeite de oliva extra virgem;8.84;;1.0;;
Manteiga com sal;7.26;0.004;0.8240000000000001;0.001;
Manteiga sem sal;7.58;0.004;0.86;0.0;
Margarina com óleo hidrogenado com sal (65% de lipídeos);5.96;1.0000000000000001e-07;0.674;0.0;
Margarina com óleo hidrogenado sem sal (80% de lipídeos);7.23;1.0000000000000001e-07;0.8170000000000001;0.0;
Margarina com óleo interesterificado com sal (65%de lipídeos);5.94;1.0000000000000001e-07;0.672;0.0;
Margarina com óleo interesterificado sem sal (65% de lipídeos);5.93;1.0000000000000001e-07;0.6709999999999999;0.0;
Óleo de babaçu;8.84;;1.0;;
Óleo de canola;8.84;;1.0;;
Óleo de girassol;8.84;;1.0;;
Óleo de milho;8.84;;1.0;;
Óleo de pequi;8.84;;1.0;;
Óleo de soja;8.84;;1.0;;
Abadejo filé congelado assado;1.12;0.235;0.012;0.0;
Abadejo filé congeladocozido;0.91;0.193;0.009;0.0;
Abadejo filé congelado cru;0.59;0.131;0.004;0.0;
Abadejo filé congelado grelhado;1.3;0.276;0.013;0.0;
Atum conserva em óleo;1.66;0.262;0.06;0.0;
Atum fresco cru;1.18;0.257;0.009;0.0;
Bacalhau salgado cru;1.36;0.29;0.013;0.0;
Bacalhau salgado refogado;1.4;0.24;0.036;0.012;
Cação posta com farinha de trigo frita;2.08;0.25;0.1;0.031;0.005
Cação posta cozida;1.16;0.256;0.0069999999999999;0.0;
Cação posta crua;0.83;0.179;0.008;0.0;
Camarão Rio Grande grande cozido;0.9;0.19;0.01;0.0;
Camarão Rio Grande grande cru;0.47;0.1;0.005;0.0;
Camarão Sete Barbas sem cabeça com casca frito;2.31;0.184;0.156;0.0289999999999999;
Caranguejo cozido;0.83;0.185;0.004;0.0;
Corimba cru;1.28;0.174;0.06;0.0;
Corimbatá assado;2.61;0.1989999999999999;0.196;0.0;
Corimbatá cozido;2.39;0.201;0.1689999999999999;0.0;
Corvina de água doce crua;1.01;0.1889999999999999;0.022;0.0;
Corvina do mar crua;0.94;0.186;0.016;0.0;
Corvina grande assada;1.47;0.268;0.036;0.0;
Corvina grande cozida;1.0;0.2339999999999999;0.026;0.0;
Dourada de água doce fresca;1.31;0.188;0.0559999999999999;0.0;
Lambari congelado cru;1.31;0.168;0.065;0.0;
Lambari congelado frito;3.27;0.284;0.228;0.0;
Lambari fresco cru;1.52;0.157;0.094;0.0;
Manjuba com farinha de trigo frita;3.44;0.235;0.226;0.102;0.004
Manjuba frita;3.49;0.301;0.245;0.0;
Merluza filé assado;1.22;0.266;0.009;0.0;
Merluza filé cru;0.89;0.166;0.02;0.0;
Merluza filé frito;1.92;0.2689999999999999;0.085;0.0;
Pescada branca crua;1.11;0.163;0.046;0.0;
Pescada branca frita;2.23;0.2739999999999999;0.118;0.0;
Pescada filé com farinha de trigo frito;2.83;0.214;0.191;0.05;1.0000000000000001e-07
Pescada filé cru;1.07;0.1669999999999999;0.04;0.0;
Pescada filé frito;1.54;0.286;0.036;0.0;
Pescada filé molho escabeche;1.42;0.118;0.08;0.05;0.008
Pescadinha crua;0.76;0.155;0.011;0.0;
Pintado assado;1.92;0.365;0.04;0.0;
Pintado cru;0.91;0.186;0.013;0.0;
Pintado grelhado;1.52;0.308;0.023;0.0;
Porquinho cru;0.93;0.205;0.006;0.0;
Salmão filé com pele fresco  grelhado;2.29;0.239;0.14;0.0;
Salmão sem pele fresco cru;1.7;0.193;0.0969999999999999;0.0;
Salmão sem pele fresco grelhado;2.43;0.261;0.145;0.0;
Sardinha assada;1.64;0.322;0.03;0.0;
Sardinha conserva em óleo;2.85;0.159;0.24;0.0;
Sardinha frita;2.57;0.3339999999999999;0.127;0.0;
Sardinha inteira crua;1.14;0.211;0.027;0.0;
Tucunaré filé congelado cru;0.88;0.18;0.012;0.0;
Apresuntado;1.29;0.135;0.067;0.0289999999999999;
Caldo de carne tablete;2.41;0.078;0.166;0.151;0.006
Caldo de galinha tablete;2.51;0.063;0.204;0.106;0.118
Carne bovina acém moído cozido;2.12;0.267;0.109;0.0;
Carne bovina acém moído cru;1.37;0.1939999999999999;0.059;0.0;
Carne bovina acém sem gordura cozido;2.15;0.273;0.109;0.0;
Carne bovina acém sem gordura cru;1.44;0.208;0.061;0.0;
Carne bovina almôndegas cruas;1.89;0.123;0.1119999999999999;0.098;
Carne bovina almôndegas fritas;2.72;0.182;0.158;0.143;
Carne bovina bucho cozido;1.33;0.216;0.045;0.0;
Carne bovina bucho cru;1.37;0.205;0.055;0.0;
Carne bovina capa de contra-filé com gordura crua;2.17;0.192;0.15;0.0;
Carne bovina capa de contra-filé com gordura grelhada;3.12;0.307;0.2;0.0;
Carne bovina capa de contra-filé sem gordura crua;1.31;0.215;0.043;0.0;
Carne bovina capa de contra-filé sem gordura grelhada;2.39;0.351;0.1;0.0;
Carne bovina charque cozido;2.63;0.364;0.119;0.0;
Carne bovina charque cru;2.49;0.2269999999999999;0.168;0.0;
Carne bovina contra-filé à milanesa;3.52;0.206;0.24;0.122;0.004
Carne bovina contra-filé de costela cru;2.02;0.198;0.131;0.0;
Carne bovina contra-filé de costela grelhado;2.75;0.299;0.163;0.0;
Carne bovina contra-filé com gordura cru;2.06;0.212;0.128;0.0;
Carne bovina contra-filé com gordura grelhado;2.78;0.324;0.155;0.0;
Carne bovina contra-filé sem gordura cru;1.57;0.24;0.06;0.0;
Carne bovina contra-filé sem gordura grelhado;1.94;0.359;0.045;0.0;
Carne bovina costela assada;3.73;0.288;0.2769999999999999;0.0;
Carne bovina costela crua;3.58;0.1669999999999999;0.318;0.0;
Carne bovina coxão duro sem gordura cozido;2.17;0.319;0.089;0.0;
Carne bovina coxão duro sem gordura cru;1.48;0.215;0.062;0.0;
Carne bovina coxão mole sem gordura cozido;2.19;0.324;0.089;0.0;
Carne bovina coxão mole sem gordura cru;1.69;0.212;0.087;0.0;
Carne bovina cupim assado;3.3;0.286;0.23;0.0;
Carne bovina cupim cru;2.21;0.195;0.153;0.0;
Carne bovina fígado cru;1.41;0.207;0.054;0.011;
Carne bovina fígado grelhado;2.25;0.299;0.09;0.042;
Carne bovina filé mingnon sem gordura cru;1.43;0.216;0.0559999999999999;0.0;
Carne bovina filé mingnon sem gordura grelhado;2.2;0.3279999999999999;0.088;0.0;
Carne bovina flanco sem gordura cozido;1.96;0.294;0.078;0.0;
Carne bovina flanco sem gordura cru;1.41;0.2;0.062;0.0;
Carne bovina fraldinha com gordura cozida;3.38;0.242;0.26;0.0;
Carne bovina fraldinha com gordura crua;2.21;0.176;0.161;0.0;
Carne bovina lagarto cozido;2.22;0.3289999999999999;0.091;0.0;
Carne bovina lagarto cru;1.35;0.205;0.052;0.0;
Carne bovina língua cozida;3.15;0.214;0.248;0.0;
Carne bovina língua crua;2.15;0.171;0.158;0.0;
Carne bovina maminha crua;1.53;0.209;0.07;0.0;
Carne bovina maminha grelhada;1.53;0.307;0.024;0.0;
Carne bovina miolo de alcatra sem gordura cru;1.63;0.216;0.078;0.0;
Carne bovina miolo de alcatra sem gordura grelhado;2.41;0.319;0.1159999999999999;0.0;
Carne bovina músculo sem gordura cozido;1.94;0.312;0.067;0.0;
Carne bovina músculo sem gordura cru;1.42;0.216;0.055;0.0;
Carne bovina paleta com gordura crua;1.59;0.214;0.075;0.0;
Carne bovina paleta sem gordura cozida;1.94;0.297;0.074;0.0;
Carne bovina paleta sem gordura crua;1.41;0.21;0.057;0.0;
Carne bovina patinho sem gordura cru;1.33;0.217;0.045;0.0;
Carne bovina patinho sem gordura grelhado;2.19;0.359;0.073;0.0;
Carne bovina peito sem gordura cozido;3.38;0.222;0.27;0.0;
Carne bovina peito sem gordura cru;2.59;0.176;0.204;0.0;
Carne bovina picanha com gordura crua;2.13;0.188;0.147;0.0;
Carne bovina picanha com gordura grelhada;2.89;0.264;0.195;0.0;
Carne bovina picanha sem gordura crua;1.34;0.213;0.047;0.0;
Carne bovina picanha sem gordura grelhada;2.38;0.319;0.113;0.0;
Carne bovina seca cozida;3.13;0.2689999999999999;0.2189999999999999;0.0;
Carne bovina seca crua;3.13;0.1969999999999999;0.254;0.0;
Coxinha de frango frita;2.83;0.096;0.118;0.345;0.05
Croquete de carne cru;2.46;0.12;0.156;0.139;
Croquete de carne frito;3.47;0.1689999999999999;0.2269999999999999;0.181;
Empada de frango pré-cozida assada;3.58;0.069;0.156;0.475;0.022
Empada de frango pré-cozida;3.77;0.073;0.2289999999999999;0.355;0.022
Frango asa com pele crua;2.13;0.181;0.151;0.0;
Frango caipira inteiro com pele cozido;2.43;0.239;0.156;0.0;
Frango caipira inteiro sem pele cozido;1.96;0.296;0.077;0.0;
Frango coração cru;2.22;0.126;0.186;0.0;
Frango coração grelhado;2.07;0.2239999999999999;0.121;0.006;
Frango coxa com pele assada;2.15;0.285;0.104;0.001;
Frango coxa com pele crua;1.61;0.171;0.098;0.0;
Frango coxa sem pele cozida;1.67;0.2689999999999999;0.0579999999999999;0.0;
Frango coxa sem pele crua;1.2;0.178;0.049;0.0;
Frango fígado cru;1.06;0.176;0.035;0.0;
Frango filé à milanesa;2.21;0.285;0.078;0.075;0.011
Frango inteiro com pele cru;2.26;0.1639999999999999;0.173;0.0;
Frango inteiro sem pele assado;1.87;0.28;0.075;0.0;
Frango inteiro sem pele cozido;1.7;0.25;0.071;0.0;
Frango inteiro sem pele cru;1.29;0.206;0.046;0.0;
Frango peito com pele assado;2.12;0.3339999999999999;0.076;0.0;
Frango peito com pele cru;1.49;0.208;0.067;0.0;
Frango peito sem pele cozido;1.63;0.315;0.032;0.0;
Frango peito sem pele cru;1.19;0.215;0.03;0.0;
Frango peito sem pele grelhado;1.59;0.32;0.025;0.0;
Frango sobrecoxa com pele assada;2.6;0.287;0.152;0.0;
Frango sobrecoxa com pele crua;2.55;0.155;0.209;0.0;
Frango sobrecoxa sem pele assada;2.33;0.292;0.12;0.0;
Frango sobrecoxa sem pele crua;1.62;0.176;0.096;0.0;
Hambúrguer bovino cru;2.15;0.132;0.162;0.042;
Hambúrguer bovino frito;2.58;0.2;0.17;0.063;
Hambúrguer bovino grelhado;2.1;0.132;0.124;0.113;
Lingüiça frango crua;2.18;0.142;0.174;0.0;
Lingüiça frango frita;2.45;0.183;0.185;0.0;
Lingüiça frango grelhada;2.44;0.182;0.184;0.0;
Lingüiça porco crua;2.27;0.161;0.176;0.0;
Lingüiça porco frita;2.8;0.205;0.213;0.0;
Lingüiça porco grelhada;2.96;0.2319999999999999;0.2189999999999999;0.0;
Mortadela;2.69;0.12;0.216;0.0579999999999999;
Peru congelado assado;1.63;0.262;0.057;0.0;
Peru congelado cru;0.94;0.181;0.018;0.0;
Porco bisteca crua;1.64;0.215;0.08;0.0;
Porco bisteca frita;3.11;0.337;0.185;0.0;
Porco bisteca grelhada;2.8;0.289;0.174;0.0;
Porco costela assada;4.02;0.302;0.303;0.0;
Porco costela crua;2.56;0.18;0.198;0.0;
Porco lombo assado;2.1;0.357;0.064;0.0;
Porco lombo cru;1.76;0.226;0.088;0.0;
Porco orelha salgada crua;2.58;0.185;0.1989999999999999;0.0;
Porco pernil assado;2.62;0.321;0.139;0.0;
Porco pernil cru;1.86;0.201;0.111;0.0;
Porco rabo salgado cru;3.77;0.156;0.345;0.0;
Presunto com capa de gordura;1.28;0.144;0.068;0.0139999999999999;
Presunto sem capa de gordura;0.94;0.143;0.027;0.021;
Quibe assado;1.36;0.146;0.027;0.129;0.019
Quibe cru;1.09;0.124;0.017;0.108;0.016
Quibe frito;2.54;0.149;0.158;0.123;
Salame;3.98;0.258;0.306;0.0289999999999999;
Toucinho cru;5.93;0.115;0.603;0.0;
Toucinho frito;6.97;0.273;0.643;0.0;
Bebida láctea pêssego;0.55;0.021;0.019;0.076;0.003
Creme de Leite;2.21;0.015;0.225;0.045;
Iogurte natural;0.51;0.0409999999999999;0.03;0.019;
Iogurte natural desnatado;0.41;0.038;0.003;0.0579999999999999;
Iogurte sabor abacaxi;;;;;
Iogurte sabor morango;0.7;0.027;0.023;0.0969999999999999;0.002
Iogurte sabor pêssego;0.68;0.025;0.023;0.094;0.0069999999999999
Leite condensado;3.13;0.077;0.067;0.57;
Leite de cabra;0.66;0.031;0.038;0.052;
Leite de vaca achocolatado;0.83;0.021;0.022;0.142;0.006
Leite de vaca desnatado pó;3.62;0.347;0.009;0.53;
Leite de vaca desnatado UHT;;;;;
Leite de vaca integral;;;;;
Leite de vaca integral pó;4.97;0.254;0.2689999999999999;0.392;
Leite fermentado;0.7;0.019;0.001;0.157;
Queijo minas frescal;2.64;0.174;0.2019999999999999;0.032;
Queijo minas meia cura;3.21;0.212;0.246;0.036;
Queijo mozarela;3.3;0.226;0.252;0.03;
Queijo parmesão;4.53;0.356;0.335;0.017;
Queijo pasteurizado;3.03;0.094;0.2739999999999999;0.057;
Queijo petit suisse morango;1.21;0.0579999999999999;0.0279999999999999;0.185;
Queijo prato;3.6;0.2269999999999999;0.291;0.019;
Queijo requeijão cremoso;2.57;0.096;0.2339999999999999;0.024;
Queijo ricota;1.4;0.126;0.081;0.038;
Bebida isotônica sabores variados;0.26;0.0;0.0;0.064;
Café infusão 10%;0.09;0.0069999999999999;0.001;0.015;
Cana aguardente 1;2.16;;;;
Cana caldo de;0.65;1.0000000000000001e-07;1.0000000000000001e-07;0.182;0.001
Cerveja pilsen 2;0.41;0.006;1.0000000000000001e-07;0.033;
Chá erva-doce infusão 5%;0.01;0.0;0.0;0.004;
Chá mate infusão 5%;0.03;0.0;0.001;0.006;
Chá preto infusão 5%;0.02;0.0;0.0;0.006;
Coco água de;0.22;0.0;0.0;0.053;0.001
Refrigerante tipo água tônica;0.31;0.0;0.0;0.08;
Refrigerante tipo cola;0.34;0.0;0.0;0.087;
Refrigerante tipo guaraná;0.39;0.0;0.0;0.1;
Refrigerante tipo laranja;0.46;0.0;0.0;0.118;
Refrigerante tipo limão;0.4;0.0;0.0;0.103;
Omelete de queijo;2.68;0.156;0.22;0.004;
Ovo de codorna inteiro cru;1.77;0.1369999999999999;0.127;0.008;
Ovo de galinha clara cozida/10minutos;0.59;0.134;0.001;0.0;
Ovo de galinha gema cozida/10minutos;3.53;0.159;0.308;0.016;
Ovo de galinha inteiro cozido/10minutos;1.46;0.133;0.095;0.006;
Ovo de galinha inteiro cru;1.43;0.13;0.089;0.016;
Ovo de galinha inteiro frito;2.4;0.156;0.186;0.012;
Achocolatado pó;4.01;0.042;0.022;0.912;0.039
Açúcar cristal;3.87;0.003;1.0000000000000001e-07;0.996;
Açúcar mascavo;3.69;0.008;0.001;0.945;
Açúcar refinado;3.87;0.003;1.0000000000000001e-07;0.995;
Chocolate ao leite;5.4;0.072;0.303;0.596;0.022
Chocolate ao leite com castanha do Pará;5.59;0.074;0.342;0.5539999999999999;0.025
Chocolate ao leite dietético;5.57;0.069;0.3379999999999999;0.563;0.0279999999999999
Chocolate meio amargo;4.75;0.049;0.299;0.624;0.049
Cocada branca;4.49;0.011;0.136;0.8140000000000001;0.036
Doce de abóbora cremoso;1.99;0.009;0.002;0.546;0.023
Doce de leite cremoso;3.06;0.055;0.06;0.595;
Geléia mocotó natural;1.06;0.021;0.001;0.242;
Glicose de milho;2.92;0.0;0.0;0.794;
Maria mole;3.01;0.038;0.002;0.736;0.0069999999999999
Maria mole coco queimado;3.07;0.039;0.001;0.7509999999999999;0.006
Marmelada;2.57;0.004;0.001;0.708;0.0409999999999999
Mel de abelha;3.09;0.0;0.0;0.84;
Melado;2.97;0.0;0.0;0.7659999999999999;
Quindim;4.11;0.047;0.244;0.4629999999999999;0.032
Rapadura;3.52;0.01;0.001;0.908;
Café pó torrado;4.19;0.147;0.119;0.6579999999999999;0.512
Capuccino pó;4.17;0.113;0.086;0.736;0.024
Fermento em pó químico;0.9;0.005;0.001;0.439;
Fermento biológico levedura tablete;0.9;0.17;0.015;0.077;0.042
Gelatina sabores variados pó;3.8;0.089;1.0000000000000001e-07;0.892;
Sal dietético;;;;;
Sal grosso;;;;;
Shoyu;0.61;0.033;0.003;0.1159999999999999;
Tempero a base de sal;0.21;0.027;0.003;0.021;0.006
Azeitona preta conserva;1.94;0.012;0.203;0.055;0.046
Azeitona verde conserva;1.37;0.009;0.142;0.0409999999999999;0.038
Chantilly spray com gordura vegetal;3.15;0.005;0.273;0.1689999999999999;
Leite de coco;1.66;0.01;0.184;0.022;0.0069999999999999
Maionese tradicional com ovos;3.02;0.006;0.305;0.079;
Acarajé;2.89;0.083;0.1989999999999999;0.191;0.094
Arroz carreteiro;1.54;0.108;0.071;0.1159999999999999;0.015
Baião de dois arroz e feijão-de-corda;1.36;0.062;0.032;0.204;0.051
Barreado;1.65;0.183;0.095;0.002;0.001
Bife à cavalo com contra filé;2.91;0.237;0.211;0.0;
Bolinho de arroz;2.74;0.08;0.083;0.417;0.027
Camarão à baiana;1.01;0.079;0.06;0.032;0.004
Charuto de repolho;0.78;0.068;0.011;0.1009999999999999;0.015
Cuscuz de milho cozido com sal;1.13;0.022;0.0069999999999999;0.253;0.021
Cuscuz paulista;1.42;0.026;0.046;0.225;0.024
Cuxá molho;0.8;0.0559999999999999;0.036;0.057;0.03
Dobradinha;1.25;0.198;0.044;0.0;
Estrogonofe de carne;1.73;0.15;0.108;0.03;
Estrogonofe de frango;1.57;0.176;0.08;0.026;
Feijão tropeiro mineiro;1.52;0.102;0.068;0.196;0.036
Feijoada;1.17;0.087;0.065;0.1159999999999999;0.051
Frango com açafrão;1.13;0.0969999999999999;0.062;0.0409999999999999;0.002
Macarrão molho bolognesa;1.2;0.049;0.009;0.225;0.008
Maniçoba;1.34;0.1;0.087;0.034;0.022
Quibebe;0.86;0.086;0.027;0.066;0.017
Salada de legumes com maionese;0.96;0.011;0.07;0.089;0.022
Salada de legumes cozida no vapor;0.35;0.02;0.003;0.071;0.025
Salpicão de frango;1.48;0.139;0.078;0.046;0.004
Sarapatel;1.23;0.185;0.044;0.011;
Tabule;0.57;0.02;0.012;0.106;0.021
Tacacá;0.47;0.07;0.004;0.034;0.002
Tapioca com manteiga;3.48;0.001;0.109;0.636;1.0000000000000001e-07
Tucupi com pimenta-de-cheiro;0.27;0.021;0.003;0.047;0.002
Vaca atolada;1.45;0.051;0.093;0.1009999999999999;0.023
Vatapá;2.55;0.06;0.2319999999999999;0.0969999999999999;0.017
Virado à paulista;3.07;0.102;0.256;0.141;0.022
Yakisoba;1.13;0.075;0.026;0.183;0.011
Amendoim grão cru;5.44;0.272;0.439;0.203;0.08
Amendoim torrado salgado;6.06;0.225;0.54;0.187;0.078
Ervilha em vagem;0.88;0.075;0.005;0.142;0.0969999999999999
Ervilha enlatada drenada;0.74;0.046;0.004;0.134;0.051
Feijão carioca cozido;0.76;0.048;0.005;0.136;0.085
Feijão carioca cru;3.29;0.2;0.013;0.612;0.184
Feijão fradinho cozido;0.78;0.051;0.006;0.135;0.075
Feijão fradinho cru;3.39;0.2019999999999999;0.024;0.612;0.236
Feijão jalo cozido;0.93;0.061;0.005;0.165;0.139
Feijão jalo cru;3.28;0.201;0.009;0.615;0.303
Feijão preto cozido;0.77;0.045;0.005;0.14;0.084
Feijão preto cru;3.24;0.213;0.012;0.588;0.218
Feijão rajado cozido;0.85;0.055;0.004;0.153;0.093
Feijão rajado cru;3.26;0.173;0.012;0.629;0.24
Feijão rosinha cozido;0.68;0.045;0.005;0.118;0.048
Feijão rosinha cru;3.37;0.209;0.013;0.622;0.206
Feijão roxo cozido;0.77;0.057;0.005;0.129;0.115
Feijão roxo cru;3.31;0.222;0.012;0.6;0.3379999999999999
Grão-de-bico cru;3.55;0.212;0.054;0.579;0.124
Guandu cru;3.44;0.19;0.021;0.64;0.213
Lentilha cozida;0.93;0.063;0.005;0.163;0.079
Lentilha crua;3.39;0.2319999999999999;0.008;0.62;0.1689999999999999
Paçoca amendoim;4.87;0.16;0.261;0.524;0.073
Pé-de-moleque amendoim;5.03;0.132;0.28;0.547;0.034
Soja farinha;4.04;0.36;0.146;0.384;0.2019999999999999
Soja extrato solúvel natural fluido;0.39;0.024;0.016;0.043;0.004
Soja extrato solúvel pó;4.59;0.357;0.262;0.285;0.073
Soja queijo (tofu);0.64;0.066;0.04;0.021;0.008
Tremoço cru;3.81;0.336;0.103;0.4379999999999999;0.3229999999999999
Tremoço em conserva;1.21;0.111;0.038;0.124;0.144
Amêndoa torrada salgada;5.81;0.186;0.473;0.295;0.1159999999999999
Castanha-de-caju torrada salgada;5.7;0.185;0.4629999999999999;0.291;0.037
Castanha-do-Brasil crua;6.43;0.145;0.635;0.151;0.079
Coco cru;4.06;0.037;0.42;0.104;0.054
Coco  verde cru;;;;;
Farinha de mesocarpo de babaçu crua;3.29;0.0139999999999999;0.002;0.792;0.179
Gergelim semente;5.84;0.212;0.504;0.216;0.119
Linhaça semente;4.95;0.141;0.3229999999999999;0.433;0.335
Pinhão cozido;1.74;0.03;0.0069999999999999;0.439;0.156
Pupunha cozida;2.19;0.025;0.128;0.296;0.043
Noz crua;6.2;0.14;0.594;0.184;0.072
